round,slice,frame,object_ref,cell,what,why,severity,owner,rule_id,evidence,action,rules_version,note
calib,C0,adasind_019560.jpg,L3+R3,na,BOX_GEOMETRY,E1_annotator_error,P1,annotator,R02,"Tuk-tuk vàng xa bên trái: L x24-122 y766-867 vs R x39-99 y773-850, IoU 0.47 (<0.5); box L thừa ~15 px trái, ~23 px phải, ~17 px đáy (compare.html)",keep_with_reason,v1.0.0,"C0 đã khóa, không sửa; bài học cho P2: zoom và kéo cạnh sát phần nhìn thấy của vật nhỏ ở xa"
calib,C0,adasind_019560.jpg,L5+R6,na,BOX_GEOMETRY,E1_annotator_error,P1,annotator,R02,"Xe ba bánh trắng đỗ bên trái xe đỏ: L x271-347 y726-843 vs R x287-338 y743-825, IoU 0.47; box L rộng hơn mọi phía ~9-18 px, lấn sang xe ba bánh đỏ bên cạnh",keep_with_reason,v1.0.0,"Vật bị che một phần: chỉ bao phần nhìn thấy, không đoán phần bị khuất; áp dụng cho P2"
calib,C0,adasind_019560.jpg,L6+R4,na,BOX_GEOMETRY,E1_annotator_error,P1,annotator,R02,"Xe đạp dựng sau rào tre bên phải: L x851-1018 y775-899 vs R x888-966 y801-895, IoU 0.35; box L bao cả rào tre/khoảng trống, thừa ~37 px trái, ~52 px phải, ~26 px trên",keep_with_reason,v1.0.0,Lỗi hình học nặng nhất của C0; khi vật bị cột/rào che vẫn phải bám khung xe nhìn thấy
calib,C0,adasind_019560.jpg,L7,na,SPURIOUS,E0_reference_defect,P2,qa,R01,"Xe máy đỗ trong cửa hàng sau người áo vàng: phần nhìn thấy khoảng x595-635 y784-830 (cao ~46 px >= H=40), bị xe đạp và người che phần lớn; reference không có box này",keep_with_reason,v1.0.0,Nghi reference thiếu theo R01; cần người soát reference xác nhận chiều cao phần thấy. Nếu đo lại <40 px thì đổi why thành E1_annotator_error. Box L (x582-667) cũng lấn sang người áo vàng
calib,C0,adasind_019560.jpg,lens_border,na,IGNORE_SCOPE,E1_annotator_error,P0,annotator,R08,"lock.txt ghi shapes: box=7, polygon=1 (chỉ ego_body); reference C0 có 3 ignore_region (2 lens_border + 1 ego_body). compare chỉ so box nên không tự báo lỗi này",keep_with_reason,v1.0.0,Prefill lens_border không có trong export (chưa upload hoặc bị xóa). R10 xếp P0 vì ignore sai làm phép so không tin được. P2: upload prefill trước khi vẽ và kiểm đủ 2 vùng xám trước khi export
r2_qa,B2-mid,adasind_102750.jpg,L1,L_only,ATTRIBUTE,,,,R05,Truck bị cạnh phải khung cắt (box chạm x=1080) nhưng truncated=false; không có vật che mà occluded=true,rework,v1.0.0,"cold review (chưa nhận được file của Vũ); P4: reference R1 xác nhận truncated=true, occluded=false → rework; Rework: đã sửa trong rework (0667-1BE0)"
r2_qa,B2-mid,adasind_102750.jpg,L1,L_only,BOX_GEOMETRY,,,,R02,Box x825-1080 y882-1168 thừa ~35 px trái và ~30 px trên so với phần xe thấy,rework,v1.0.0,"cold review (chưa nhận được file của Vũ); P4: R1 x854-1080 y917-1165, L lỏng hơn (IoU 0.768) → thu box khi rework; Rework: chưa sửa trong buổi (degrade rework), để vòng sau"
r2_qa,B2-mid,adasind_102750.jpg,L4,L_only,WRONG_CLASS,,,,R04,"Vật x0-87 có cabin + thùng hộp, không thấy dáng xe ba bánh; đang gán ThreeWheeler",rework,v1.0.0,"cold review (chưa nhận được file của Vũ); P4: reference R2 và model M2 đều Truck → đổi class; Rework: chưa sửa trong buổi (degrade rework), để vòng sau"
r2_qa,B2-mid,adasind_102750.jpg,L4,L_only,ATTRIBUTE,,,,R05,Box chạm cạnh trái khung x=0 nhưng truncated=false,rework,v1.0.0,"cold review (chưa nhận được file của Vũ); P4: reference R2 truncated=true → sửa attribute; Rework: chưa sửa trong buổi (degrade rework), để vòng sau"
r2_qa,B2-mid,adasind_060000.jpg,L2,L_only,BOX_GEOMETRY,,,,R02,"Box prefill xe điện cạnh dưới y=1377 cắt bánh trước (bánh tới ~y1400), trái thừa ~25 px",keep_with_reason,v1.0.0,"cold review (chưa nhận được file của Vũ); P4: reference R3 giữ nguyên box prefill x375-1031 y680-1377, ghép khớp; giữ để không lệch reference, ghi lại nghi ngờ bánh trước"
r2_qa,B2-mid,adasind_060000.jpg,NEW x13-45 y868-958,L_only,MISSING,,,,R01,Người váy đỏ cầm ô mép trái cao ~90 px chưa có box Pedestrian,rework,v1.0.0,"cold review (chưa nhận được file của Vũ); P4: reference R5 Pedestrian x8-46 y877-957 xác nhận → thêm box; Rework: chưa sửa trong buổi (degrade rework), để vòng sau"
r2_qa,B2-mid,adasind_086220.jpg,NEW x38-98 y963-1012,L_only,MISSING,,,,R01,Tuk-tuk đỗ sau gốc cây bên trái cao ~49 px chưa có box,escalate,v1.0.0,"cold review (chưa nhận được file của Vũ); P4: reference cũng không có box, model M7 Car thấy → E5, Ticket 1"
r1_craft,B2-mid,adasind_060000.jpg,L5,na,SPURIOUS,E2_guideline_gap,P2,guideline,R06,L5 Bike x278-308 y878-922 nằm ~48% trong polygon unreadable của reference (x264-294 y871-918) phủ cụm người/xe máy mờ chồng nhau; dưới ngưỡng 50% nên compare báo SPURIOUS thay vì IGNORE_SCOPE,keep_with_reason,v1.0.0,R06 không nói khi nào cụm vật mờ là unreadable thay vì box từng vật → đề xuất ở 20_guideline_patch.md
r1_craft,B2-mid,adasind_060000.jpg,R5,na,MISSING,E1_annotator_error,P1,annotator,R01,"R5 Pedestrian x8-46 y877-957 (người váy đỏ cầm ô, cao ~80 px) có trong reference và model (M4) nhưng L thiếu; QA r2_qa đã nêu trước khi mở reference",rework,v1.0.0,"Rework: chưa sửa trong buổi (degrade rework), để vòng sau"
r1_craft,B2-mid,adasind_060000.jpg,R7,na,MISSING,E1_annotator_error,P1,annotator,R01,"R7 Pedestrian x187-202 y870-912 cao 42 px (≥ H=40) có trong reference và model (M6), L bỏ sót vì vật nhỏ ở xa",rework,v1.0.0,"Rework: chưa sửa trong buổi (degrade rework), để vòng sau"
r1_craft,B2-mid,adasind_060000.jpg,R9,na,MISSING,E1_annotator_error,P1,annotator,R01,"R9 ThreeWheeler x316-365 y861-916 (occluded) có trong reference, L bỏ sót do bị L1 và cụm người che một phần",rework,v1.0.0,"Rework: chưa sửa trong buổi (degrade rework), để vòng sau"
r1_craft,B2-mid,adasind_102750.jpg,L1+R1,na,ATTRIBUTE,E1_annotator_error,P2,annotator,R05,L1 Truck truncated=false/occluded=true; R1 truncated=true/occluded=false; box chạm cạnh phải x=1080; QA r2_qa đã nêu,rework,v1.0.0,Rework: đã sửa trong rework (0667-1BE0)
r1_craft,B2-mid,adasind_102750.jpg,L4+R2,na,WRONG_CLASS,E1_annotator_error,P1,annotator,R04,"L4 ThreeWheeler vs R2 Truck (IoU 0.776); model M2 cũng là Truck; danh sách K12 của lệnh cvat ghi Truck tại (45,906); QA r2_qa đã nêu",rework,v1.0.0,"Rework: chưa sửa trong buổi (degrade rework), để vòng sau"
r1_craft,B2-mid,adasind_102750.jpg,L5,na,SPURIOUS,E0_reference_defect,P2,qa,R01,L5 ThreeWheeler x413-462 y926-980 cao 54 px nhìn rõ tuk-tuk trên lề phải; model M6 cũng thấy vật tại x424-459 y937-982; reference không có box và không có ignore ở vùng này,escalate,v1.0.0,Xem 30_escalation_ticket.md Ticket 1
r1_craft,B2-mid,adasind_102750.jpg,L6+R5,na,WRONG_CLASS,E1_annotator_error,P1,annotator,R04,L6 ThreeWheeler vs R5 Truck (IoU 0.569); model M8 cũng là Truck; zoom thấy đuôi thùng hình hộp; QA r2_qa đã nêu nghi ngờ,rework,v1.0.0,"Rework: chưa sửa trong buổi (degrade rework), để vòng sau"
r3_diag,B2-mid,adasind_060000.jpg,L1+R1,LR_noM,MISSING,E4_model_domain,P2,ai_team,R04,"Model đóng băng không có class ThreeWheeler: trên slice này mọi xe ba bánh bị gán Car/Truck (060000 M9/M10/M12, 086220 M5/M6, 102750 M3/M4) nên không ghép được cùng class; tại đây M9 Truck và M10 Car cùng chồng lên R1",escalate,v1.0.0,Xem 30_escalation_ticket.md Ticket 2
r3_diag,B2-mid,adasind_060000.jpg,L2+R3,LR_noM,MISSING,E5_unresolved,P2,ai_team,R02,"Xe điện ba bánh lớn ở center (x375-1031 y680-1377) không có box model nào dù L và R đều thấy; chưa rõ do thiếu class, do vật quá gần/quá lớn hay do ngưỡng confidence",keep_with_reason,v1.0.0,Cần xem output model thô (trước NMS/threshold) để tách nguyên nhân
r3_diag,B2-mid,adasind_060000.jpg,L6+R4,LR_noM,MISSING,E4_model_domain,P2,ai_team,R04,"Model đóng băng không có class ThreeWheeler: trên slice này mọi xe ba bánh bị gán Car/Truck (060000 M9/M10/M12, 086220 M5/M6, 102750 M3/M4) nên không ghép được cùng class; thêm vào đó vật ở edge bị vòng kính/khung cắt (truncated) và model không ra box nào",escalate,v1.0.0,Ticket 2
r3_diag,B2-mid,adasind_060000.jpg,L4+R8,LR_noM,MISSING,E4_model_domain,P2,ai_team,R04,"Model đóng băng không có class ThreeWheeler: trên slice này mọi xe ba bánh bị gán Car/Truck (060000 M9/M10/M12, 086220 M5/M6, 102750 M3/M4) nên không ghép được cùng class; tại đây M12 Car x217-258",escalate,v1.0.0,Ticket 2
r3_diag,B2-mid,adasind_060000.jpg,L3+R2,LR_noM,MISSING,E4_model_domain,P2,ai_team,R03,Model tách rider thành M2 Pedestrian + M3 Bike (kiểu person/motorcycle) trong khi R03 gộp người lái + xe thành một Bike; hai box tách đều không đạt IoU với box gộp,escalate,v1.0.0,Ticket 2: lệch chính sách nhãn rider
r3_diag,B2-mid,adasind_060000.jpg,L5,L_only,SPURIOUS,E2_guideline_gap,P2,guideline,R06,Cùng ca r1_craft L5: box nằm ~48% trong vùng unreadable của reference; model M13 cũng rơi vào vùng này,keep_with_reason,v1.0.0,20_guideline_patch.md
r3_diag,B2-mid,adasind_060000.jpg,R5+M4,RM_noL,MISSING,E1_annotator_error,P1,annotator,R01,Reference R5 và model M4 cùng thấy người váy đỏ x8-46; L thiếu,rework,v1.0.0,"Rework: chưa sửa trong buổi (degrade rework), để vòng sau"
r3_diag,B2-mid,adasind_060000.jpg,R7+M6,RM_noL,MISSING,E1_annotator_error,P1,annotator,R01,Reference R7 và model M6 cùng thấy người cao 42 px x187-202; L thiếu,rework,v1.0.0,"Rework: chưa sửa trong buổi (degrade rework), để vòng sau"
r3_diag,B2-mid,adasind_060000.jpg,R9,R_only,MISSING,E1_annotator_error,P1,annotator,R01,"Chỉ reference có R9 ThreeWheeler bị che; L thiếu, model cũng không thấy",rework,v1.0.0,"Rework: chưa sửa trong buổi (degrade rework), để vòng sau"
r3_diag,B2-mid,adasind_060000.jpg,M2,M_only,SPURIOUS,E4_model_domain,P3,ai_team,R03,M2 Pedestrian x82-170 là nửa người của rider đã có box Bike gộp (R2),keep_with_reason,v1.0.0,
r3_diag,B2-mid,adasind_060000.jpg,M3,M_only,SPURIOUS,E4_model_domain,P3,ai_team,R03,"M3 Bike x92-157 chỉ phần xe của rider, không gộp người lái theo R03",keep_with_reason,v1.0.0,
r3_diag,B2-mid,adasind_060000.jpg,M7,M_only,SPURIOUS,E4_model_domain,P3,ai_team,R01,M7 Pedestrian x40-61 chồng lên M8/R6 cùng người (box trùng trong nhóm người đứng sát),keep_with_reason,v1.0.0,
r3_diag,B2-mid,adasind_060000.jpg,M9,M_only,SPURIOUS,E4_model_domain,P2,ai_team,R04,M9 Truck trên xe ba bánh R1; cùng vị trí còn M10 Car (hai box trùng cho một vật),escalate,v1.0.0,Ticket 2
r3_diag,B2-mid,adasind_060000.jpg,M10,M_only,SPURIOUS,E4_model_domain,P2,ai_team,R04,M10 Car trùng M9 Truck trên cùng xe ba bánh R1,escalate,v1.0.0,Ticket 2
r3_diag,B2-mid,adasind_060000.jpg,M11,M_only,SPURIOUS,E4_model_domain,P3,ai_team,R03,M11 Pedestrian x347-368 là người lái ngồi trong xe ba bánh R1; R03 không box người ngồi trong phương tiện,keep_with_reason,v1.0.0,
r3_diag,B2-mid,adasind_060000.jpg,M12,M_only,SPURIOUS,E4_model_domain,P2,ai_team,R04,M12 Car trên xe ba bánh R8,escalate,v1.0.0,Ticket 2
r3_diag,B2-mid,adasind_086220.jpg,L2+R1,LR_noM,MISSING,E4_model_domain,P2,ai_team,R04,"Model đóng băng không có class ThreeWheeler: trên slice này mọi xe ba bánh bị gán Car/Truck (060000 M9/M10/M12, 086220 M5/M6, 102750 M3/M4) nên không ghép được cùng class; tại đây M5 Truck và M6 Car cùng chồng lên R1",escalate,v1.0.0,Ticket 2
r3_diag,B2-mid,adasind_086220.jpg,L3+R4,LR_noM,MISSING,E5_unresolved,P3,ai_team,R01,Xe tay ga nhỏ R4 x317-360 (h=41) bị model gộp với xe van phía sau thành M8 Car x321-377; chưa rõ model bỏ sót xe tay ga hay chỉ gộp box,keep_with_reason,v1.0.0,Cần xem output model thô ở ngưỡng confidence thấp hơn
r3_diag,B2-mid,adasind_086220.jpg,L4+R5,LR_noM,MISSING,E4_model_domain,P2,ai_team,R04,"Model đóng băng không có class ThreeWheeler: trên slice này mọi xe ba bánh bị gán Car/Truck (060000 M9/M10/M12, 086220 M5/M6, 102750 M3/M4) nên không ghép được cùng class; xe điện ba bánh tối màu R5 không có box model",escalate,v1.0.0,Ticket 2
r3_diag,B2-mid,adasind_086220.jpg,M2,M_only,SPURIOUS,E4_model_domain,P3,ai_team,R03,M2 Pedestrian là người lái xe máy đã có Bike gộp R2 (lệch chính sách rider),keep_with_reason,v1.0.0,
r3_diag,B2-mid,adasind_086220.jpg,M3,M_only,SPURIOUS,E4_model_domain,P3,ai_team,R03,"M3 Pedestrian là người đạp xe R3, R03 gộp vào Bike",keep_with_reason,v1.0.0,
r3_diag,B2-mid,adasind_086220.jpg,M5,M_only,SPURIOUS,E4_model_domain,P2,ai_team,R04,M5 Truck trên tuk-tuk R1 (truncated),escalate,v1.0.0,Ticket 2
r3_diag,B2-mid,adasind_086220.jpg,M6,M_only,SPURIOUS,E4_model_domain,P2,ai_team,R04,M6 Car trùng M5 trên cùng tuk-tuk R1,escalate,v1.0.0,Ticket 2
r3_diag,B2-mid,adasind_086220.jpg,M7,M_only,SPURIOUS,E5_unresolved,P2,qa,R01,"M7 Car x38-100 y964-1010 là tuk-tuk đỗ sau gốc cây (cao ~46 px, bị cây che một phần); L và R đều không box; QA r2_qa đã nêu thiếu",escalate,v1.0.0,Ticket 1: cần đo lại phần nhìn thấy có ≥40 px không trước khi kết luận reference thiếu
r3_diag,B2-mid,adasind_086220.jpg,M8,M_only,SPURIOUS,E5_unresolved,P3,ai_team,R01,"M8 Car x321-377 gộp xe tay ga R4 với xe van phía sau (van cao ~38 px, dưới H=40)",keep_with_reason,v1.0.0,Cần tách van/xe tay ga khi xem output thô
r3_diag,B2-mid,adasind_102750.jpg,L3+R4,LR_noM,MISSING,E4_model_domain,P2,ai_team,R04,"Model đóng băng không có class ThreeWheeler: trên slice này mọi xe ba bánh bị gán Car/Truck (060000 M9/M10/M12, 086220 M5/M6, 102750 M3/M4) nên không ghép được cùng class; tại đây M3 Car",escalate,v1.0.0,Ticket 2
r3_diag,B2-mid,adasind_102750.jpg,L2+R3,LR_noM,MISSING,E4_model_domain,P2,ai_team,R04,"Model đóng băng không có class ThreeWheeler: trên slice này mọi xe ba bánh bị gán Car/Truck (060000 M9/M10/M12, 086220 M5/M6, 102750 M3/M4) nên không ghép được cùng class; tại đây M4 Truck",escalate,v1.0.0,Ticket 2
r3_diag,B2-mid,adasind_102750.jpg,L4,L_only,SPURIOUS,E1_annotator_error,P1,annotator,R04,L4 gán ThreeWheeler nhưng R2 và M2 đều là Truck ở cùng vị trí (x0-90); cell L_only vì khác class,rework,v1.0.0,"Rework: chưa sửa trong buổi (degrade rework), để vòng sau"
r3_diag,B2-mid,adasind_102750.jpg,L5,L_only,SPURIOUS,E0_reference_defect,P2,qa,R01,"Cùng ca r1_craft L5: tuk-tuk cao 54 px, model M6 cũng thấy; reference không có box",escalate,v1.0.0,Ticket 1
r3_diag,B2-mid,adasind_102750.jpg,L6,L_only,SPURIOUS,E1_annotator_error,P1,annotator,R04,L6 gán ThreeWheeler nhưng R5 và M8 đều là Truck (x333-366),rework,v1.0.0,"Rework: chưa sửa trong buổi (degrade rework), để vòng sau"
r3_diag,B2-mid,adasind_102750.jpg,R2+M2,RM_noL,MISSING,E1_annotator_error,P1,annotator,R04,R2 và M2 cùng Truck; L có box cùng vị trí nhưng sai class (L4) nên cell RM_noL,rework,v1.0.0,"Rework: chưa sửa trong buổi (degrade rework), để vòng sau"
r3_diag,B2-mid,adasind_102750.jpg,R5+M8,RM_noL,MISSING,E1_annotator_error,P1,annotator,R04,R5 và M8 cùng Truck; L6 sai class ở cùng vị trí,rework,v1.0.0,"Rework: chưa sửa trong buổi (degrade rework), để vòng sau"
r3_diag,B2-mid,adasind_102750.jpg,M3,M_only,SPURIOUS,E4_model_domain,P2,ai_team,R04,M3 Car trên xe ba bánh R4,escalate,v1.0.0,Ticket 2
r3_diag,B2-mid,adasind_102750.jpg,M4,M_only,SPURIOUS,E4_model_domain,P2,ai_team,R04,M4 Truck trên xe ba bánh R3,escalate,v1.0.0,Ticket 2
r3_diag,B2-mid,adasind_102750.jpg,M5,M_only,SPURIOUS,E3_data_defect,P2,ai_team,R02,"M5 Car khổng lồ x34-1064 y93-1003 phủ gần nửa trên ảnh, trùng vùng lóa nắng mạnh ở đỉnh vòng kính; không có vật thật tương ứng",keep_with_reason,v1.0.0,Ảnh ngược sáng/lóa là hard case cho sampling (45_sampling_plan front hard)
r3_diag,B2-mid,adasind_102750.jpg,M6,M_only,SPURIOUS,E0_reference_defect,P2,qa,R01,M6 Truck x424-459 y937-982 trùng tuk-tuk L5 mà reference thiếu; model thấy vật nhưng sai class (xem Ticket 2),escalate,v1.0.0,Ticket 1
r3_diag,B2-mid,adasind_102750.jpg,M7,M_only,SPURIOUS,E5_unresolved,P3,qa,R01,"M7 Car x172-212 y891-939 (h=48) nằm sau xe ba bánh R3, có dáng một tuk-tuk mui vàng bị che; L và R đều không box",keep_with_reason,v1.0.0,Cần zoom ảnh gốc đo phần nhìn thấy trước khi thêm box
